	{

		"metadata": {
			"formatVersion" : 3.1,
			"generatedBy"   : "Blender 2.7 Exporter",
			"vertices"      : 8,
			"faces"         : 6,
			"normals"       : 8,
			"colors"        : 0,
			"uvs"           : [4],
			"materials"     : 1,
			"morphTargets"  : 0,
			"bones"         : 0
		},

			"scale" : 1.000000,
			
			"vertices" : [8,-0.1,-8,8,-0.0999997,8,-8,-0.0999997,8,-8,-0.1,-8,8,0.0999997,-8,7.99999,0.1,8,-8,0.1,8,-8,0.0999997,-8],
			"faces"    : [43,0,1,2,3,0,0,1,2,3,0,1,2,3,43,4,7,6,5,0,0,1,2,3,4,5,6,7,43,0,4,5,1,0,0,1,2,3,0,4,7,1,43,1,5,6,2,0,0,1,2,3,1,7,6,2,43,2,6,7,3,0,0,1,2,3,2,6,5,3,43,4,0,3,7,0,0,1,2,3,4,0,3,5],
			"uvs"      : [[0,0,1,0,1,1,0,1]],
			"normals"  : [0.577319,-0.577319,-0.577349,0.577349,-0.577349,0.577319,-0.577319,-0.577349,0.577349,-0.577319,-0.577319,-0.577349,0.577349,0.577349,-0.577319,-0.577349,0.577349,-0.577319,-0.577349,0.577319,0.577349,0.577319,0.577349,0.577349],
			
			"skinIndices"  : [],
			"skinWeights"  : [],
			"morphTargets" : [],
			
			"bones"      : [],
			"animations" : [],
			
			"colors"    : [],
			"materials" : [
				{
					"DbgColor": 15658734,
					"DbgIndex": 0,
					"DbgName": "Material",
					"blending": "NormalBlending",
					"colorAmbient": [0.6400000190734865, 0.6400000190734865, 0.6400000190734865],
					"colorDiffuse": [0.6400000190734865, 0.6400000190734865, 0.6400000190734865],
					"colorEmissive": [0.0, 0.0, 0.0],
					"colorSpecular": [0.5, 0.5, 0.5],
					"depthTest": true,
					"depthWrite": true,
					"shading": "Lambert",
					"specularCoef": 50,
					"transparency": 1.0,
					"transparent": false,
					"vertexColors": false
				}
			]


	}
